<?xml version="1.0" encoding="UTF-8" standalone="yes"?>
<addon id="repository.nbahdreplay" name="NBA HD Replay" version="0.0.1" provider-name="Me">
	<extension point="xbmc.addon.repository" name="NBA HD Replay">
		<dir>
			<info compressed="false">https://raw.githubusercontent.com/totalrevolution/python-koding/master/zips/addons.xml</info>
			<checksum>https://raw.githubusercontent.com/totalrevolution/python-koding/master/zips/addons.xml.md5</checksum>
			<datadir zip="true">https://raw.githubusercontent.com/totalrevolution/python-koding/master/zips/</datadir>
		</dir>
		<info compressed="false">https://raw.githubusercontent.com/darnellt0/repository.nbahdreplay/master/zips/addons.xml</info>
		<checksum>https://raw.githubusercontent.com/darnellt0/repository.nbahdreplay/master/zips/addons.xml.md5</checksum>
		<datadir zip="true">https://raw.githubusercontent.com/darnellt0/repository.nbahdreplay/master/zips/</datadir>
	</extension>
	<extension point="xbmc.addon.metadata">
		<summary lang="en">nbahdreplay.com - nba game replays</summary>
		<description lang="en">Replays of NBA games</description>
		<genre>sports,usa</genre>
	</extension>
</addon>